Workbook
Name squat1A: Results!$N$12:$W$16
Name deadlift3B: Results!$Y$108:$AH$112
Name Session5Distribution: Definitions!$A$40
Name benchpress1B: Results!$Y$53:$AH$57
Name squat4B: Results!$Y$33:$AH$37
Name benchpress4C: Results!$AJ$74:$AS$78
Name Session3Distribution: Definitions!$A$28:$A$33
Name benchpress4A: Results!$N$74:$W$78
Name deadlift1C: Results!$AJ$94:$AS$98
Name deadlift1B: Results!$Y$94:$AH$98
Name squat1C: Results!$AJ$12:$AS$16
Name benchpress3B: Results!$Y$67:$AH$71
Name Week2Distribution: Definitions!$G$21:$H$22
Name benchpress2B: Results!$Y$60:$AH$64
Name squat2B: Results!$Y$19:$AH$23
Name squat3A: Results!$N$26:$W$30
Name squat3B: Results!$Y$26:$AH$30
Name deadlift4B: Results!$Y$115:$AH$119
Name deadlift1A: Results!$N$94:$W$98
Name squat3C: Results!$AJ$26:$AS$30
Name deadlift4C: Results!$AJ$115:$AS$119
Name deadlift2A: Results!$N$101:$W$105
Name benchpress1C: Results!$AJ$53:$AS$57
Name deadlift2B: Results!$Y$101:$AH$105
Name benchpress3C: Results!$AJ$67:$AS$71
Name squat2C: Results!$AJ$19:$AS$23
Name squat2A: Results!$N$19:$W$23
Name Session2Distribution: Definitions!$A$21:$A$25
Name benchpress3A: Results!$N$67:$W$71
Name deadlift3C: Results!$AJ$108:$AS$112
Name squat4C: Results!$AJ$33:$AS$37
Name benchpress2C: Results!$AJ$60:$AS$64
Name Session4Distribution: Definitions!$A$36:$A$37
Name squat1B: Results!$Y$12:$AH$16
Name deadlift4A: Results!$N$115:$W$119
Name benchpress1A: Results!$N$53:$W$57
Name deadlift2C: Results!$AJ$101:$AS$105
Name benchpress4B: Results!$Y$74:$AH$78
Name Week3Distribution: Definitions!$G$28:$G$33
Name deadlift3A: Results!$N$108:$W$112
Name squat4A: Results!$N$33:$W$37
Name benchpress2A: Results!$N$60:$W$64

Sheet Input
A2: Name | B2: Kateřina Balášová
A3: Lift | B3: squat | C3: advanced
B4: prep
A5: 1RM | B5: 140
A6: Rounding | B6: 2.5
A7: Monthly NL | B7: 220
A8: Cycle [weeks] | B8: 4
A9: Cycle NL | B9: =ROUNDUP(B7*B8/4,0) -> 220
A11: Zone | B11: Weight [kg] | C11: Weight [%] | D11: Percentage | E11: Reps | H11: Weight Hint | I11: Range | J11: Wiggle
A12: 50-60% | B12: 80 | C12: =B12/$B$5 -> 0.57142857 | D12: 0 | E12: =ROUND($B$7*D12,0) -> 0 | H12: =MROUND($B$5*55%,$B$6) -> 77.5 | I12: ="± " & MROUND(H12*J12,$B$6) & "kg" -> ± 2,5kg | J12: 0.025
A13: 61-70% | B13: 90 | C13: =B13/$B$5 -> 0.64285714 | D13: =100%-D14-D15-D16-D17-D12 -> 0.38636364 | E13: =ROUND($B$7*D13,0) -> 85 | H13: =MROUND($B$5*65%,$B$6) -> 90 | I13: ="± " & MROUND(H13*J13,$B$6) & "kg" -> ± 2,5kg | J13: 0.025
A14: 71-80% | B14: 105 | C14: =B14/$B$5 -> 0.75 | D14: 0.42 | E14: =ROUND($B$7*D14,0) -> 92 | H14: =MROUND($B$5*75%,$B$6) -> 105 | I14: ="± " & MROUND(H14*J14,$B$6) & "kg" -> ± 2,5kg | J14: 0.02
A15: 81-90% | B15: 120 | C15: =B15/$B$5 -> 0.85714286 | D15: 0.18 | E15: =ROUND($B$7*D15,0) -> 40 | H15: =MROUND($B$5*85%,$B$6) -> 120 | I15: ="± " & MROUND(H15*J15,$B$6) & "kg" -> ± 2,5kg | J15: 0.02
A16: 91-94% | B16: 130 | C16: =B16/$B$5 -> 0.92857143 | D16: =E16/B9 -> 0.013636364 | E16: 3 | H16: =MROUND($B$5*92.5%,$B$6) -> 130 | I16: ="± " & MROUND(H16*J16,$B$6) & "kg" -> ± 5kg | J16: 0.03
A17: 95-100% | B17: 135 | C17: =B17/$B$5 -> 0.96428571 | D17: =E17/B9 -> 0 | E17: 0 | H17: =MROUND($B$5*95%,$B$6) -> 132.5 | I17: ="± " & MROUND(H17*J17,$B$6) & "kg" -> ± 5kg | J17: 0.03
A19: (H)ARI | B19: =B12/B5*D12+B13/B5*D13+B14/B5*D14+B15/B5*D15+B16/B5*D16+B17/B5*D17 -> 0.73032468
A21: Main variant | B21: 3a | C21: =VLOOKUP($B$21,IF(C3="advanced", Definitions!$J$3:$N$18, IF(C3="elite", Definitions!$O$3:$S$18, Definitions!$A$3:$E$18)),2,FALSE) -> 17 | D21: =VLOOKUP($B$21,IF(C3="advanced", Definitions!$J$3:$N$18, IF(C3="elite", Definitions!$O$3:$S$18, Definitions!$A$3:$E$18)),3,FALSE) -> 22 | E21: =VLOOKUP(B21,IF(C3="advanced", Definitions!$J$3:$N$18, IF(C3="elite", Definitions!$O$3:$S$18, Definitions!$A$3:$E$18)),4,FALSE) -> 33 | F21: =VLOOKUP(B21,IF(C3="advanced", Definitions!$J$3:$N$18, IF(C3="elite", Definitions!$O$3:$S$18, Definitions!$A$3:$E$18)),5,FALSE) -> 28
A22: 81-90 variant | B22: 2a | C22: =VLOOKUP($B$22,IF(C3="advanced", Definitions!$J$3:$N$18, IF(C3="elite", Definitions!$O$3:$S$18, Definitions!$A$3:$E$18)),2,FALSE) -> 17 | D22: =VLOOKUP($B$22,IF(C3="advanced", Definitions!$J$3:$N$18, IF(C3="elite", Definitions!$O$3:$S$18, Definitions!$A$3:$E$18)),3,FALSE) -> 33 | E22: =VLOOKUP($B$22,IF(C3="advanced", Definitions!$J$3:$N$18, IF(C3="elite", Definitions!$O$3:$S$18, Definitions!$A$3:$E$18)),4,FALSE) -> 28 | F22: =VLOOKUP($B$22,IF(C3="advanced", Definitions!$J$3:$N$18, IF(C3="elite", Definitions!$O$3:$S$18, Definitions!$A$3:$E$18)),5,FALSE) -> 22
A24: Int.zone / Week | B24: 1 | C24: 2 | D24: 3 | E24: 4 | F24: 5 | G24: 6
A25: %1RM / NL | B25: =ROUND($B$9*C21/100,0) -> 37 | C25: =ROUND($B$9*D21/100,0) -> 48 | D25: =ROUND($B$9*E21/100,0) -> 73 | E25: =ROUND($B$9*F21/100,0) -> 62 | H25: =sum(B25:G25) -> 220
A26: 0.55 | B26: =ROUND($D12*$B$9*C$21/100,0) -> 0 | C26: =ROUND($D12*$B$9*D$21/100,0) -> 0 | D26: =ROUND($D12*$B$9*E$21/100,0) -> 0 | E26: =ROUND($D12*$B$9*F$21/100,0) -> 0
A27: 0.65 | B27: =ROUND($D13*$B$9*C$21/100,0) -> 14 | C27: =ROUND($D13*$B$9*D$21/100,0) -> 19 | D27: =ROUND($D13*$B$9*E$21/100,0) -> 28 | E27: =ROUND($D13*$B$9*F$21/100,0) -> 24
A28: 0.75 | B28: =B25-B26-B27-B29-B30-B31 -> 16 | C28: =C25-C26-C27-C29-C30-C31 -> 15 | D28: =D25-D26-D27-D29-D30-D31 -> 33 | E28: =E25-E26-E27-E29-E30-E31 -> 28
A29: 0.85 | B29: =ROUND($D15*$B$9*C$22/100,0) -> 7 | C29: =ROUND($D15*$B$9*D$22/100,0) -> 13 | D29: =ROUND($D15*$B$9*E$22/100,0) -> 11 | E29: =ROUND($D15*$B$9*F$22/100,0) -> 9
A30: 0.925 | B30: 0 | C30: 1 | D30: 1 | E30: 1
A31: 0.95 | B31: 0 | C31: 0 | D31: 0 | E31: 0
A32: ARI | B32: =ROUND(B26/B25*$B12/$B$5+B27/B25*$B13/$B$5+B28/B25*$B14/$B$5+B29/B25*$B15/$B$5+B30/B25*$B16/$B$5+B31/B25*$B17/$B$5,3)*100 -> 73 | C32: =ROUND(C26/C25*$B12/$B$5+C27/C25*$B13/$B$5+C28/C25*$B14/$B$5+C29/C25*$B15/$B$5+C30/C25*$B16/$B$5+C31/C25*$B17/$B$5,3)*100 -> 74 | D32: =ROUND(D26/D25*$B12/$B$5+D27/D25*$B13/$B$5+D28/D25*$B14/$B$5+D29/D25*$B15/$B$5+D30/D25*$B16/$B$5+D31/D25*$B17/$B$5,3)*100 -> 72.7 | E32: =ROUND(E26/E25*$B12/$B$5+E27/E25*$B13/$B$5+E28/E25*$B14/$B$5+E29/E25*$B15/$B$5+E30/E25*$B16/$B$5+E31/E25*$B17/$B$5,3)*100 -> 72.7
A34: 3 | B34: days / week | H34: {=INDIRECT("Definitions!" & "Session" & A34 & "Distribution")} -> d25_33_42 | I34: {=INDIRECT("Definitions!" & "Week" & A34 & "Distribution")} -> LMH
A35: d25_33_42 | B35: distribution in a week | H35: d20_35_45 | I35: LHM
A36: LHM | B36: #reps | C36: #reps | D36: #reps | E36: #reps | H36: d22_28_50 | I36: MLH
A37: {=VLOOKUP($A$35, Definitions!$A$21:$F$40, MATCH(MID($A$36, 1, 1), {"L"; "M"; "H"}, 0) + 1, FALSE)} -> 25 | B37: =ROUND(B$25*$A37/100,0) -> 9 | C37: =ROUND(C$25*$A37/100,0) -> 12 | D37: =ROUND(D$25*$A37/100,0) -> 18 | E37: =ROUND(E$25*$A37/100,0) -> 16 | H37: d20_30_50 | I37: MHL
A38: {=IF(LEN($A$36)>=2, VLOOKUP($A$35, Definitions!$A$21:$F$40, MATCH(MID($A$36, 2, 1), {"L"; "M"; "H"}, 0) + 1, FALSE), "")} -> 42 | B38: =ROUND(B$25*$A38/100,0) -> 16 | C38: =ROUND(C$25*$A38/100,0) -> 20 | D38: =ROUND(D$25*$A38/100,0) -> 31 | E38: =ROUND(E$25*$A38/100,0) -> 26 | H38: d15_35_50 | I38: HLM
A39: {=IF(LEN($A$36)>=3, IF(ISERROR(MATCH(MID($A$36, 3, 1), {"L"; "M"; "H"}, 0)), 0, VLOOKUP($A$35, Definitions!$A$21:$F$40, MATCH(MID($A$36, 3, 1), {"L"; "M"; "H"}, 0) + 1, FALSE)), 0)} -> 33 | B39: =ROUND(B$25*$A39/100,0) -> 12 | C39: =ROUND(C$25*$A39/100,0) -> 16 | D39: =ROUND(D$25*$A39/100,0) -> 24 | E39: =ROUND(E$25*$A39/100,0) -> 20 | H39: d15_30_55 | I39: HML
A41: 2 | B41: days / week | H41: {=INDIRECT("Definitions!" & "Session" & A41 & "Distribution")} -> d40_60 | I41: {=INDIRECT("Definitions!" & "Week" & A41 & "Distribution")} -> MH
A42: d40_60 | B42: distribution in a week | H42: d35_65 | I42: HM
A43: MH | B43: #reps | C43: #reps | D43: #reps | E43: #reps | H43: d30_70
A44: {=VLOOKUP($A$42, Definitions!$A$21:$F$40, MATCH(MID($A$43, 1, 1), {"L"; "M"; "H"}, 0) + 1, FALSE)} -> 40 | B44: =ROUND(B$25*$A44/100,0) -> 15 | C44: =ROUND(C$25*$A44/100,0) -> 19 | D44: =ROUND(D$25*$A44/100,0) -> 29 | E44: =ROUND(E$25*$A44/100,0) -> 25 | H44: d25_75
A45: {=IF(LEN($A$43)>=2, VLOOKUP($A$42, Definitions!$A$21:$F$40, MATCH(MID($A$43, 2, 1), {"L"; "M"; "H"}, 0) + 1, FALSE), "")} -> 60 | B45: =ROUND(B$25*$A45/100,0) -> 22 | C45: =ROUND(C$25*$A45/100,0) -> 29 | D45: =ROUND(D$25*$A45/100,0) -> 44 | E45: =ROUND(E$25*$A45/100,0) -> 37 | H45: d20_80
A46: {=IF(LEN($A$43)>=3, IF(ISERROR(MATCH(MID($A$43, 3, 1), {"L"; "M"; "H"}, 0)), 0, VLOOKUP($A$42, Definitions!$A$21:$F$40, MATCH(MID($A$43, 3, 1), {"L"; "M"; "H"}, 0) + 1, FALSE)), 0)} -> 0 | B46: =ROUND(B$25*$A46/100,0) -> 0 | C46: =ROUND(C$25*$A46/100,0) -> 0 | D46: =ROUND(D$25*$A46/100,0) -> 0 | E46: =ROUND(E$25*$A46/100,0) -> 0
A48: Name | B48: Kateřina Balášová
A49: Lift | B49: bench press
B50: prep
A51: 1RM | B51: 77.5
A52: Rounding | B52: 2.5
A53: Monthly NL | B53: 250
A54: Cycle [weeks] | B54: 4
A55: Cycle NL | B55: =ROUNDUP(B53*B54/4,0) -> 250
A57: Zone | B57: Weight [kg] | C57: Weight [%] | D57: Percentage | E57: Reps | H57: Weight Hint | I57: Range | J57: Wiggle
A58: 50-60% | B58: 45 | C58: =B58/$B$51 -> 0.58064516 | D58: 0 | E58: =ROUND($B$53*D58,0) -> 0 | H58: =MROUND($B$51*55%,$B$6) -> 42.5 | I58: ="± " & MROUND(H58*J58,$B$52) & "kg" -> ± 2,5kg | J58: 0.03
A59: 61-70% | B59: 50 | C59: =B59/$B$51 -> 0.64516129 | D59: =100%-D60-D61-D62-D63-D58 -> 0.26 | E59: =ROUND($B$53*D59,0) -> 65 | H59: =MROUND($B$51*65%,$B$6) -> 50 | I59: ="± " & MROUND(H59*J59,$B$52) & "kg" -> ± 2,5kg | J59: 0.025
A60: 71-80% | B60: 60 | C60: =B60/$B$51 -> 0.77419355 | D60: 0.45 | E60: =ROUND($B$53*D60,0) -> 113 | H60: =MROUND($B$51*75%,$B$6) -> 57.5 | I60: ="± " & MROUND(H60*J60,$B$52) & "kg" -> ± 2,5kg | J60: 0.025
A61: 81-90% | B61: 67.5 | C61: =B61/$B$51 -> 0.87096774 | D61: 0.27 | E61: =ROUND($B$53*D61,0) -> 68 | H61: =MROUND($B$51*85%,$B$6) -> 65 | I61: ="± " & MROUND(H61*J61,$B$52) & "kg" -> ± 2,5kg | J61: 0.02
A62: 91-94% | B62: 72.5 | C62: =B62/$B$51 -> 0.93548387 | D62: =E62/B55 -> 0.016 | E62: 4 | H62: =MROUND($B$51*92.5%,$B$6) -> 72.5 | I62: ="± " & MROUND(H62*J62,$B$52) & "kg" -> ± 2,5kg | J62: 0.02
A63: 95-100% | B63: 75 | C63: =B63/$B$51 -> 0.96774194 | D63: =E63/B55 -> 0.004 | E63: 1 | H63: =MROUND($B$51*95%,$B$6) -> 72.5 | I63: ="± " & MROUND(H63*J63,$B$52) & "kg" -> ± 2,5kg | J63: 0.02
A65: (H)ARI | B65: =B58/B51*D58+B59/B51*D59+B60/B51*D60+B61/B51*D61+B62/B51*D62+B63/B51*D63 -> 0.77012903
A67: Main variant | B67: 2a | C67: =VLOOKUP($B$67,IF(C3="advanced", Definitions!$J$3:$N$18, IF(C3="elite", Definitions!$O$3:$S$18, Definitions!$A$3:$E$18)),2,FALSE) -> 17 | D67: =VLOOKUP($B$67,IF(C3="advanced", Definitions!$J$3:$N$18, IF(C3="elite", Definitions!$O$3:$S$18, Definitions!$A$3:$E$18)),3,FALSE) -> 33 | E67: =VLOOKUP($B$67,IF(C3="advanced", Definitions!$J$3:$N$18, IF(C3="elite", Definitions!$O$3:$S$18, Definitions!$A$3:$E$18)),4,FALSE) -> 28 | F67: =VLOOKUP($B$67,IF(C3="advanced", Definitions!$J$3:$N$18, IF(C3="elite", Definitions!$O$3:$S$18, Definitions!$A$3:$E$18)),5,FALSE) -> 22
A68: 81-90 variant | B68: 1-3a | C68: =VLOOKUP($B$68,IF(C3="advanced", Definitions!$J$3:$N$18, IF(C3="elite", Definitions!$O$3:$S$18, Definitions!$A$3:$E$18)),2,FALSE) -> 33 | D68: =VLOOKUP($B$68,IF(C3="advanced", Definitions!$J$3:$N$18, IF(C3="elite", Definitions!$O$3:$S$18, Definitions!$A$3:$E$18)),3,FALSE) -> 17 | E68: =VLOOKUP($B$68,IF(C3="advanced", Definitions!$J$3:$N$18, IF(C3="elite", Definitions!$O$3:$S$18, Definitions!$A$3:$E$18)),4,FALSE) -> 28 | F68: =VLOOKUP($B$68,IF(C3="advanced", Definitions!$J$3:$N$18, IF(C3="elite", Definitions!$O$3:$S$18, Definitions!$A$3:$E$18)),5,FALSE) -> 22
A70: Int.zone / Week | B70: 1 | C70: 2 | D70: 3 | E70: 4 | F70: 5 | G70: 6
A71: %1RM / NL | B71: =ROUND($B$55*C67/100,0) -> 43 | C71: =ROUND($B$55*D67/100,0) -> 83 | D71: =ROUND($B$55*E67/100,0) -> 70 | E71: =ROUND($B$55*F67/100,0) -> 55 | H71: =sum(B71:G71) -> 251
A72: 0.55 | B72: =ROUND($D58*$B$55*C$67/100,0) -> 0 | C72: =ROUND($D58*$B$55*D$67/100,0) -> 0 | D72: =ROUND($D58*$B$55*E$67/100,0) -> 0 | E72: =ROUND($D58*$B$55*F$67/100,0) -> 0
A73: 0.65 | B73: =ROUND($D59*$B$55*C$67/100,0) -> 11 | C73: =ROUND($D59*$B$55*D$67/100,0) -> 21 | D73: =ROUND($D59*$B$55*E$67/100,0) -> 18 | E73: =ROUND($D59*$B$55*F$67/100,0) -> 14
A74: 0.75 | B74: =ROUND($D60*$B$55*C$67/100,0) -> 19 | C74: =ROUND($D60*$B$55*D$67/100,0) -> 37 | D74: =ROUND($D60*$B$55*E$67/100,0) -> 32 | E74: =ROUND($D60*$B$55*F$67/100,0) -> 25
A75: 0.85 | B75: =ROUND($D61*$B$55*C$67/100,0) -> 11 | C75: =ROUND($D61*$B$55*D$67/100,0) -> 22 | D75: =ROUND($D61*$B$55*E$67/100,0) -> 19 | E75: =ROUND($D61*$B$55*F$67/100,0) -> 15
A76: 0.925 | B76: 1 | C76: 1 | D76: 1 | E76: 1
A77: 0.95 | B77: 0 | C77: 0 | D77: 0 | E77: 1
A78: ARI | B78: =ROUND(B72/B71*$B58/$B$51+B73/B71*$B59/$B$51+B74/B71*$B60/$B$51+B75/B71*$B61/$B$51+B76/B71*$B62/$B$51+B77/B71*$B63/$B$51,3)*100 -> 75.2 | C78: =ROUND(C72/C71*$B58/$B$51+C73/C71*$B59/$B$51+C74/C71*$B60/$B$51+C75/C71*$B61/$B$51+C76/C71*$B62/$B$51+C77/C71*$B63/$B$51,3)*100 -> 75 | D78: =ROUND(D72/D71*$B58/$B$51+D73/D71*$B59/$B$51+D74/D71*$B60/$B$51+D75/D71*$B61/$B$51+D76/D71*$B62/$B$51+D77/D71*$B63/$B$51,3)*100 -> 77 | E78: =ROUND(E72/E71*$B58/$B$51+E73/E71*$B59/$B$51+E74/E71*$B60/$B$51+E75/E71*$B61/$B$51+E76/E71*$B62/$B$51+E77/E71*$B63/$B$51,3)*100 -> 78.8 | H78: =AVERAGE(B78:G78) -> 76.5
A80: 3 | B80: days / week | H80: {=INDIRECT("Definitions!" & "Session" & A80 & "Distribution")} -> d25_33_42 | I80: {=INDIRECT("Definitions!" & "Week" & A80 & "Distribution")} -> LMH
A81: d25_33_42 | B81: distribution in a week | H81: d20_35_45 | I81: LHM
A82: LMH | B82: #reps | C82: #reps | D82: #reps | E82: #reps | H82: d22_28_50 | I82: MLH
A83: {=VLOOKUP($A$35, Definitions!$A$21:$F$40, MATCH(MID($A$36, 1, 1), {"L"; "M"; "H"}, 0) + 1, FALSE)} -> 25 | B83: =ROUND(B$71*$A83/100,0) -> 11 | C83: =ROUND(C$71*$A83/100,0) -> 21 | D83: =ROUND(D$71*$A83/100,0) -> 18 | E83: =ROUND(E$71*$A83/100,0) -> 14 | H83: d20_30_50 | I83: MHL
A84: {=IF(LEN($A$82)>=2, VLOOKUP($A$81, Definitions!$A$21:$F$40, MATCH(MID($A$82, 2, 1), {"L"; "M"; "H"}, 0) + 1, FALSE), "")} -> 33 | B84: =ROUND(B$71*$A84/100,0) -> 14 | C84: =ROUND(C$71*$A84/100,0) -> 27 | D84: =ROUND(D$71*$A84/100,0) -> 23 | E84: =ROUND(E$71*$A84/100,0) -> 18 | H84: d15_35_50 | I84: HLM
A85: {=IF(LEN($A$82)>=3, IF(ISERROR(MATCH(MID($A$82, 3, 1), {"L"; "M"; "H"}, 0)), 0, VLOOKUP($A$81, Definitions!$A$21:$F$40, MATCH(MID($A$82, 3, 1), {"L"; "M"; "H"}, 0) + 1, FALSE)), 0)} -> 42 | B85: =ROUND(B$71*$A85/100,0) -> 18 | C85: =ROUND(C$71*$A85/100,0) -> 35 | D85: =ROUND(D$71*$A85/100,0) -> 29 | E85: =ROUND(E$71*$A85/100,0) -> 23 | H85: d15_30_55 | I85: HML
A87: 2 | B87: days / week | H87: {=INDIRECT("Definitions!" & "Session" & A87 & "Distribution")} -> d40_60 | I87: {=INDIRECT("Definitions!" & "Week" & A87 & "Distribution")} -> MH
A88: d40_60 | B88: distribution in a week | H88: d35_65 | I88: HM
A89: MH | B89: #reps | C89: #reps | D89: #reps | E89: #reps | H89: d30_70
A90: {=VLOOKUP($A$42, Definitions!$A$21:$F$40, MATCH(MID($A$43, 1, 1), {"L"; "M"; "H"}, 0) + 1, FALSE)} -> 40 | B90: =ROUND(B$71*$A90/100,0) -> 17 | C90: =ROUND(C$71*$A90/100,0) -> 33 | D90: =ROUND(D$71*$A90/100,0) -> 28 | E90: =ROUND(E$71*$A90/100,0) -> 22 | H90: d25_75
A91: {=IF(LEN($A$43)>=2, VLOOKUP($A$42, Definitions!$A$21:$F$40, MATCH(MID($A$43, 2, 1), {"L"; "M"; "H"}, 0) + 1, FALSE), "")} -> 60 | B91: =ROUND(B$71*$A91/100,0) -> 26 | C91: =ROUND(C$71*$A91/100,0) -> 50 | D91: =ROUND(D$71*$A91/100,0) -> 42 | E91: =ROUND(E$71*$A91/100,0) -> 33 | H91: d20_80
A92: {=IF(LEN($A$43)>=3, IF(ISERROR(MATCH(MID($A$43, 3, 1), {"L"; "M"; "H"}, 0)), 0, VLOOKUP($A$42, Definitions!$A$21:$F$40, MATCH(MID($A$43, 3, 1), {"L"; "M"; "H"}, 0) + 1, FALSE)), 0)} -> 0 | B92: =ROUND(B$71*$A92/100,0) -> 0 | C92: =ROUND(C$71*$A92/100,0) -> 0 | D92: =ROUND(D$71*$A92/100,0) -> 0 | E92: =ROUND(E$71*$A92/100,0) -> 0
A94: Name | B94: Kateřina
A95: Lift | B95: deadlift
B96: advanced
B97: prep
A98: 1RM | B98: 165
A99: Rounding | B99: 2.5
A100: Monthly #reps | B100: 180
A101: Cycle [weeks] | B101: 4
A102: Cycle #reps | B102: =ROUNDUP(B100*B101/4,0) -> 180
A104: Zone | B104: Weight [kg] | C104: Weight [%] | D104: Percentage | E104: Reps | H104: Weight Hint | I104: Range | J104: Wiggle
A105: 50-60% | B105: 90 | C105: =B105/$B$98 -> 0.54545455 | D105: 0 | E105: =ROUND($B$100*D105,0) -> 0 | H105: =MROUND($B$98*55%,$B$6) -> 90 | I105: ="± " & MROUND(H105*J105,$B$99) & "kg" -> ± 2,5kg | J105: 0.025
A106: 61-70% | B106: 110 | C106: =B106/$B$98 -> 0.66666667 | D106: =100%-D107-D108-D109-D110-D105 -> 0.31888889 | E106: =ROUND($B$100*D106,0) -> 57 | H106: =MROUND($B$98*65%,$B$6) -> 107.5 | I106: ="± " & MROUND(H106*J106,$B$99) & "kg" -> ± 2,5kg | J106: 0.025
A107: 71-80% | B107: 125 | C107: =B107/$B$98 -> 0.75757576 | D107: 0.45 | E107: =ROUND($B$100*D107,0) -> 81 | H107: =MROUND($B$98*75%,$B$6) -> 125 | I107: ="± " & MROUND(H107*J107,$B$99) & "kg" -> ± 2,5kg | J107: 0.02
A108: 81-90% | B108: 140 | C108: =B108/$B$98 -> 0.84848485 | D108: 0.22 | E108: =ROUND($B$100*D108,0) -> 40 | H108: =MROUND($B$98*85%,$B$6) -> 140 | I108: ="± " & MROUND(H108*J108,$B$99) & "kg" -> ± 2,5kg | J108: 0.02
A109: 91-94% | B109: 152.5 | C109: =B109/$B$98 -> 0.92424242 | D109: =E109/B102 -> 0.011111111 | E109: 2 | H109: =MROUND($B$98*92.5%,$B$6) -> 152.5 | I109: ="± " & MROUND(H109*J109,$B$99) & "kg" -> ± 2,5kg | J109: 0.015
A110: 95-100% | B110: 157.5 | C110: =B110/$B$98 -> 0.95454545 | D110: =E110/B102 -> 0 | E110: 0 | H110: =MROUND($B$98*95%,$B$6) -> 157.5 | I110: ="± " & MROUND(H110*J110,$B$99) & "kg" -> ± 5kg | J110: 0.025
A112: (H)ARI | B112: =B105/B98*D105+B106/B98*D106+B107/B98*D107+B108/B98*D108+B109/B98*D109+B110/B98*D110 -> 0.75043771
A114: Main variant | B114: 4-2a | C114: =VLOOKUP($B$114,IF(C3="advanced", Definitions!$J$3:$N$18, IF(C3="elite", Definitions!$O$3:$S$18, Definitions!$A$3:$E$18)),2,FALSE) -> 22 | D114: =VLOOKUP($B$114,IF(C3="advanced", Definitions!$J$3:$N$18, IF(C3="elite", Definitions!$O$3:$S$18, Definitions!$A$3:$E$18)),3,FALSE) -> 28 | E114: =VLOOKUP(B114,IF(C3="advanced", Definitions!$J$3:$N$18, IF(C3="elite", Definitions!$O$3:$S$18, Definitions!$A$3:$E$18)),4,FALSE) -> 17 | F114: =VLOOKUP(B114,IF(C3="advanced", Definitions!$J$3:$N$18, IF(C3="elite", Definitions!$O$3:$S$18, Definitions!$A$3:$E$18)),5,FALSE) -> 33
A115: 81-90 variant | B115: 3c | C115: =VLOOKUP($B$115,IF(C3="advanced", Definitions!$J$3:$N$18, IF(C3="elite", Definitions!$O$3:$S$18, Definitions!$A$3:$E$18)),2,FALSE) -> 17 | D115: =VLOOKUP($B$115,IF(C3="advanced", Definitions!$J$3:$N$18, IF(C3="elite", Definitions!$O$3:$S$18, Definitions!$A$3:$E$18)),3,FALSE) -> 28 | E115: =VLOOKUP($B$115,IF(C3="advanced", Definitions!$J$3:$N$18, IF(C3="elite", Definitions!$O$3:$S$18, Definitions!$A$3:$E$18)),4,FALSE) -> 33 | F115: =VLOOKUP($B$115,IF(C3="advanced", Definitions!$J$3:$N$18, IF(C3="elite", Definitions!$O$3:$S$18, Definitions!$A$3:$E$18)),5,FALSE) -> 22
A117: Int.zone / Week | B117: 1 | C117: 2 | D117: 3 | E117: 4 | F117: 5 | G117: 6
A118: %1RM / NL | B118: =ROUND($B$102*C114/100,0) -> 40 | C118: =ROUND($B$102*D114/100,0) -> 50 | D118: =ROUND($B$102*E114/100,0) -> 31 | E118: =ROUND($B$102*F114/100,0) -> 59 | H118: =SUM(B118:G118) -> 180
A119: 0.55 | B119: =ROUND($D105*$B$102*C$114/100,0) -> 0 | C119: =ROUND($D105*$B$102*D$114/100,0) -> 0 | D119: =ROUND($D105*$B$102*E$114/100,0) -> 0 | E119: =ROUND($D105*$B$102*F$114/100,0) -> 0
...

Sheet Results
A1: Name | G1: lift | N1: 1RM | P1: round | R1: cycle | T1: NL | V1: NL>90 | Y1: ARI | AA1: Main | AC1: 8190
A2: =Input!B2 -> Kateřina Balášová | G2: =Input!B3 -> squat | N2: =Input!B5 -> 140 | P2: =Input!B6 -> 2.5 | R2: =Input!B4 -> prep | T2: =Input!B9 -> 220 | V2: =Input!E16+Input!E17 -> 3 | Y2: =Input!B19 -> 0.73032468 | AA2: =Input!B21 -> 3a | AC2: =Input!B22 -> 2a
A4: Notes | E4: Comp variant
E5: Comp paused
E6: High Bar
A9: week # | D9: Main Weight | H9: Assist Weight | J9: Assist Weight | L9: Assist Weight | M9: Range ± | N9: session A | Y9: session B | AJ9: session C
N10: sets | Y10: sets | AJ10: sets
B11: lift | C11: %1RM | E11: #reps | F11: rep rng | G11: % of main | I11: % of main | K11: % of main | N11: #1 | O11: #2 | P11: #3 | Q11: #4 | R11: #5 | S11: #6 | T11: #7 | U11: #8 | V11: #9 | W11: #10 | Y11: #1 | Z11: #2 | AA11: #3 | AB11: #4 | AC11: #5 | AD11: #6 | AE11: #7 | AF11: #8 | AG11: #9 | AH11: #10 | AJ11: #1 | AK11: #2 | AL11: #3 | AM11: #4 | AN11: #5 | AO11: #6 | AP11: #7 | AQ11: #8 | AR11: #9 | AS11: #10
A12: 1 | B12: =Input!$B$3 -> squat | C12: =Input!C13 -> 0.64285714 | D12: =Input!B13 -> 90 | E12: =Input!B27 -> 14 | F12: 45477 | G12: 0.9 | H12: =MROUND($D12*G12,Input!$B$6) -> 80 | I12: 0.9 | J12: =MROUND($D12*I12,Input!$B$6) -> 80 | M12: =Input!I13 -> ± 2,5kg | N12: 5 | X12: =SUM(N12:W16) -> 9 | Y12: 5 | AI12: =SUM(Y12:AH16) -> 17 | AJ12: 4 | AT12: =SUM(AJ12:AS16) -> 11 | AU12: =E12-SUM(N12:W12)-SUM(Y12:AH12)-SUM(AJ12:AS12) -> 0
C13: =Input!C14 -> 0.75 | D13: =Input!B14 -> 105 | E13: =Input!B28 -> 16 | F13: 45446 | G13: 0.9 | H13: =MROUND($D13*G13,Input!$B$6) -> 95 | I13: 0.9 | J13: =MROUND($D13*I13,Input!$B$6) -> 95 | M13: =Input!I14 -> ± 2,5kg | O13: 4 | Z13: 4 | AC13: 4 | AK13: 4 | AU13: =E13-SUM(N13:W13)-SUM(Y13:AH13)-SUM(AJ13:AS13) -> 0
C14: =Input!C15 -> 0.85714286 | D14: =Input!B15 -> 120 | E14: =Input!B29 -> 7 | F14: 45384 | G14: 0.9 | H14: =MROUND($D14*G14,Input!$B$6) -> 107.5 | I14: 0.9 | J14: =MROUND($D14*I14,Input!$B$6) -> 107.5 | M14: =Input!I15 -> ± 2,5kg | AA14: 2 | AB14: 2 | AL14: 3 | AU14: =E14-SUM(N14:W14)-SUM(Y14:AH14)-SUM(AJ14:AS14) -> 0
C15: =Input!C16 -> 0.92857143 | D15: =Input!B16 -> 130 | E15: =Input!B30 -> 0 | F15: 1 | M15: =Input!I16 -> ± 5kg | AU15: =E15-SUM(N15:W15)-SUM(Y15:AH15)-SUM(AJ15:AS15) -> 0
C16: =Input!C17 -> 0.96428571 | D16: =Input!B17 -> 135 | E16: =Input!B31 -> 0 | F16: 1 | M16: =Input!I17 -> ± 5kg | AU16: =E16-SUM(N16:W16)-SUM(Y16:AH16)-SUM(AJ16:AS16) -> 0
C17: RPE | X17: =Input!B37 -> 9 | AI17: =Input!B38 -> 16 | AT17: =Input!B39 -> 12
X18: =Input!B44 -> 15 | AI18: =Input!B45 -> 22 | AT18: =Input!B46 -> 0
A19: 2 | B19: =Input!$B$3 -> squat | C19: =Input!C13 -> 0.64285714 | D19: =Input!B13 -> 90 | E19: =Input!C27 -> 19 | F19: 45477 | G19: 0.9 | H19: =MROUND($D19*G19,Input!$B$6) -> 80 | I19: 0.9 | J19: =MROUND($D19*I19,Input!$B$6) -> 80 | M19: =M12 -> ± 2,5kg | N19: 5 | O19: 5 | X19: =SUM(N19:W23) -> 12 | Y19: 5 | AI19: =SUM(Y19:AH23) -> 20 | AJ19: 4 | AT19: =SUM(AJ19:AS23) -> 16 | AU19: =E19-SUM(N19:W19)-SUM(Y19:AH19)-SUM(AJ19:AS19) -> 0
C20: =Input!C14 -> 0.75 | D20: =Input!B14 -> 105 | E20: =Input!C28 -> 15 | F20: 45446 | G20: 0.9 | H20: =MROUND($D20*G20,Input!$B$6) -> 95 | I20: 0.9 | J20: =MROUND($D20*I20,Input!$B$6) -> 95 | M20: =M13 -> ± 2,5kg | P20: 2 | Z20: 4 | AC20: 3 | AK20: 3 | AN20: 3 | AU20: =E20-SUM(N20:W20)-SUM(Y20:AH20)-SUM(AJ20:AS20) -> 0
C21: =Input!C15 -> 0.85714286 | D21: =Input!B15 -> 120 | E21: =Input!C29 -> 13 | F21: 45384 | G21: 0.9 | H21: =MROUND($D21*G21,Input!$B$6) -> 107.5 | I21: 0.9 | J21: =MROUND($D21*I21,Input!$B$6) -> 107.5 | M21: =M14 -> ± 2,5kg | AA21: 4 | AB21: 4 | AL21: 2 | AO21: 3 | AU21: =E21-SUM(N21:W21)-SUM(Y21:AH21)-SUM(AJ21:AS21) -> 0
C22: =Input!C16 -> 0.92857143 | D22: =Input!B16 -> 130 | E22: =Input!C30 -> 1 | F22: 1 | M22: =M15 -> ± 5kg | AM22: 1 | AU22: =E22-SUM(N22:W22)-SUM(Y22:AH22)-SUM(AJ22:AS22) -> 0
C23: =Input!C17 -> 0.96428571 | D23: =Input!B17 -> 135 | E23: =Input!C31 -> 0 | F23: 1 | M23: =M16 -> ± 5kg | AU23: =E23-SUM(N23:W23)-SUM(Y23:AH23)-SUM(AJ23:AS23) -> 0
C24: RPE | X24: =Input!C37 -> 12 | AI24: =Input!C38 -> 20 | AT24: =Input!C39 -> 16
X25: =Input!C44 -> 19 | AI25: =Input!C45 -> 29 | AT25: =Input!C46 -> 0
A26: 3 | B26: =Input!$B$3 -> squat | C26: =Input!C13 -> 0.64285714 | D26: =Input!B13 -> 90 | E26: =Input!D27 -> 28 | F26: 45477 | G26: 0.9 | H26: =MROUND($D26*G26,Input!$B$6) -> 80 | I26: 0.9 | J26: =MROUND($D26*I26,Input!$B$6) -> 80 | M26: =M12 -> ± 2,5kg | N26: 5 | X26: =SUM(N26:W30) -> 18 | Y26: 6 | AB26: 5 | AE26: 6 | AI26: =SUM(Y26:AH30) -> 31 | AJ26: 6 | AT26: =SUM(AJ26:AS30) -> 24 | AU26: =E26-SUM(N26:W26)-SUM(Y26:AH26)-SUM(AJ26:AS26) -> 0
C27: =Input!C14 -> 0.75 | D27: =Input!B14 -> 105 | E27: =Input!D28 -> 33 | F27: 45446 | G27: 0.9 | H27: =MROUND($D27*G27,Input!$B$6) -> 95 | I27: 0.9 | J27: =MROUND($D27*I27,Input!$B$6) -> 95 | M27: =M13 -> ± 2,5kg | O27: 5 | Q27: 5 | Z27: 4 | AC27: 4 | AK27: 4 | AN27: 4 | AO27: 3 | AP27: 4 | AU27: =E27-SUM(N27:W27)-SUM(Y27:AH27)-SUM(AJ27:AS27) -> 0
C28: =Input!C15 -> 0.85714286 | D28: =Input!B15 -> 120 | E28: =Input!D29 -> 11 | F28: 45384 | G28: 0.9 | H28: =MROUND($D28*G28,Input!$B$6) -> 107.5 | I28: 0.9 | J28: =MROUND($D28*I28,Input!$B$6) -> 107.5 | M28: =M14 -> ± 2,5kg | P28: 3 | AA28: 3 | AD28: 3 | AL28: 2 | AU28: =E28-SUM(N28:W28)-SUM(Y28:AH28)-SUM(AJ28:AS28) -> 0
C29: =Input!C16 -> 0.92857143 | D29: =Input!B16 -> 130 | E29: =Input!D30 -> 1 | F29: 1 | M29: =M15 -> ± 5kg | AM29: 1 | AU29: =E29-SUM(N29:W29)-SUM(Y29:AH29)-SUM(AJ29:AS29) -> 0
C30: =Input!C17 -> 0.96428571 | D30: =Input!B17 -> 135 | E30: =Input!D31 -> 0 | F30: 1 | M30: =M16 -> ± 5kg | AU30: =E30-SUM(N30:W30)-SUM(Y30:AH30)-SUM(AJ30:AS30) -> 0
C31: RPE | X31: =Input!D37 -> 18 | AI31: =Input!D38 -> 31 | AT31: =Input!D39 -> 24
X32: =Input!D44 -> 29 | AI32: =Input!D45 -> 44 | AT32: =Input!D46 -> 0
A33: 4 | B33: =Input!$B$3 -> squat | C33: =Input!C13 -> 0.64285714 | D33: =Input!B13 -> 90 | E33: =Input!E27 -> 24 | F33: 45477 | G33: 0.9 | H33: =MROUND($D33*G33,Input!$B$6) -> 80 | I33: 0.9 | J33: =MROUND($D33*I33,Input!$B$6) -> 80 | M33: =M12 -> ± 2,5kg | N33: 6 | X33: =SUM(N33:W37) -> 15 | Y33: 7 | AB33: 6 | AI33: =SUM(Y33:AH37) -> 27 | AJ33: 5 | AT33: =SUM(AJ33:AS37) -> 20 | AU33: =E33-SUM(N33:W33)-SUM(Y33:AH33)-SUM(AJ33:AS33) -> 0
C34: =Input!C14 -> 0.75 | D34: =Input!B14 -> 105 | E34: =Input!E28 -> 28 | F34: 45446 | G34: 0.9 | H34: =MROUND($D34*G34,Input!$B$6) -> 95 | I34: 0.9 | J34: =MROUND($D34*I34,Input!$B$6) -> 95 | M34: =M13 -> ± 2,5kg | O34: 5 | Z34: 7 | AA34: 7 | AK34: 4 | AN34: 5 | AU34: =E34-SUM(N34:W34)-SUM(Y34:AH34)-SUM(AJ34:AS34) -> 0
C35: =Input!C15 -> 0.85714286 | D35: =Input!B15 -> 120 | E35: =Input!E29 -> 9 | F35: 45384 | G35: 0.9 | H35: =MROUND($D35*G35,Input!$B$6) -> 107.5 | I35: 0.9 | J35: =MROUND($D35*I35,Input!$B$6) -> 107.5 | M35: =M14 -> ± 2,5kg | P35: 4 | AL35: 2 | AO35: 3 | AU35: =E35-SUM(N35:W35)-SUM(Y35:AH35)-SUM(AJ35:AS35) -> 0
C36: =Input!C16 -> 0.92857143 | D36: =Input!B16 -> 130 | E36: =Input!E30 -> 1 | F36: 1 | M36: =M15 -> ± 5kg | AM36: 1 | AU36: =E36-SUM(N36:W36)-SUM(Y36:AH36)-SUM(AJ36:AS36) -> 0
C37: =Input!C17 -> 0.96428571 | D37: =Input!B17 -> 135 | E37: =Input!E31 -> 0 | F37: 1 | M37: =M16 -> ± 5kg | AU37: =E37-SUM(N37:W37)-SUM(Y37:AH37)-SUM(AJ37:AS37) -> 0
C38: RPE | X38: =Input!E37 -> 16 | AI38: =Input!E38 -> 26 | AT38: =Input!E39 -> 20
X39: =Input!E44 -> 25 | AI39: =Input!E45 -> 37 | AT39: =Input!E46 -> 0
A42: Name | G42: lift | N42: 1RM | P42: round | R42: cycle | T42: NL | V42: NL>90 | Y42: ARI | AA42: Main | AC42: 8190
A43: =Input!B2 -> Kateřina Balášová | G43: =Input!B49 -> bench press | N43: =Input!B51 -> 77.5 | P43: =Input!B52 -> 2.5 | R43: =Input!B50 -> prep | T43: =Input!B53 -> 250 | V43: =Input!E62+Input!E63 -> 5 | Y43: =Input!B65 -> 0.77012903 | AA43: =Input!B67 -> 2a | AC43: =Input!B68 -> 1-3a
A45: Notes | E45: Comp variant
E46: Comp variant max grip width
E47: Larsen Mid-Grip
E48: Board
A50: week # | D50: Main Weight | H50: Assist Weight | J50: Assist Weight | L50: Assist Weight | M50: Range ± | N50: session A | Y50: session B | AJ50: session C
N51: sets | Y51: sets | AJ51: sets
B52: lift | C52: %1RM | E52: #reps | F52: rep rng | G52: % of main | I52: % of main | K52: % of main | N52: #1 | O52: #2 | P52: #3 | Q52: #4 | R52: #5 | S52: #6 | T52: #7 | U52: #8 | V52: #9 | W52: #10 | Y52: #1 | Z52: #2 | AA52: #3 | AB52: #4 | AC52: #5 | AD52: #6 | AE52: #7 | AF52: #8 | AG52: #9 | AH52: #10 | AJ52: #1 | AK52: #2 | AL52: #3 | AM52: #4 | AN52: #5 | AO52: #6 | AP52: #7 | AQ52: #8 | AR52: #9 | AS52: #10
A53: 1 | B53: =Input!$B$49 -> bench press | C53: =Input!C59 -> 0.64516129 | D53: =Input!B59 -> 50 | E53: =Input!B73 -> 11 | F53: 45477 | G53: 0.95 | H53: =MROUND($D53*G53,Input!$B$6) -> 47.5 | I53: 0.85 | J53: =MROUND($D53*I53,Input!$B$6) -> 42.5 | K53: 1.1 | L53: =MROUND($D53*K53,Input!$B$6) -> 55 | M53: =Input!I58 -> ± 2,5kg | X53: =SUM(N53:W57) -> 11 | AI53: =SUM(Y53:AH57) -> 14 | AJ53: 6 | AL53: 6 | AT53: =SUM(AJ53:AS57) -> 18 | AU53: =E53-SUM(N53:W53)-SUM(Y53:AH53)-SUM(AJ53:AS53) -> -1
C54: =Input!C60 -> 0.77419355 | D54: =Input!B60 -> 60 | E54: =Input!B74 -> 19 | F54: 45446 | G54: 0.95 | H54: =MROUND($D54*G54,Input!$B$6) -> 57.5 | I54: 0.85 | J54: =MROUND($D54*I54,Input!$B$6) -> 50 | K54: 1.1 | L54: =MROUND($D54*K54,Input!$B$6) -> 65 | M54: =Input!I59 -> ± 2,5kg | N54: 5 | Y54: 4 | AB54: 4 | AK54: 6 | AU54: =E54-SUM(N54:W54)-SUM(Y54:AH54)-SUM(AJ54:AS54) -> 0
C55: =Input!C61 -> 0.87096774 | D55: =Input!B61 -> 67.5 | E55: =Input!B75 -> 11 | F55: 45384 | G55: 0.95 | H55: =MROUND($D55*G55,Input!$B$6) -> 65 | I55: 0.85 | J55: =MROUND($D55*I55,Input!$B$6) -> 57.5 | K55: 1.1 | L55: =MROUND($D55*K55,Input!$B$6) -> 75 | M55: =Input!I60 -> ± 2,5kg | O55: 3 | P55: 3 | Z55: 2 | AC55: 3 | AU55: =E55-SUM(N55:W55)-SUM(Y55:AH55)-SUM(AJ55:AS55) -> 0
C56: =Input!C62 -> 0.93548387 | D56: =Input!B62 -> 72.5 | E56: =Input!B76 -> 1 | F56: 1 | G56: 0.95 | H56: =MROUND($D56*G56,Input!$B$6) -> 70 | I56: 0.85 | J56: =MROUND($D56*I56,Input!$B$6) -> 62.5 | K56: 1.1 | L56: =MROUND($D56*K56,Input!$B$6) -> 80 | M56: =Input!I61 -> ± 2,5kg | AA56: 1 | AU56: =E56-SUM(N56:W56)-SUM(Y56:AH56)-SUM(AJ56:AS56) -> 0
C57: =Input!C63 -> 0.96774194 | D57: =Input!B63 -> 75 | E57: =Input!B77 -> 0 | F57: 1 | K57: 1.1 | L57: =MROUND($D57*K57,Input!$B$6) -> 82.5 | M57: =Input!I62 -> ± 2,5kg | AU57: =E57-SUM(N57:W57)-SUM(Y57:AH57)-SUM(AJ57:AS57) -> 0
C58: RPE | X58: =Input!B83 -> 11 | AI58: =Input!B84 -> 14 | AT58: =Input!B85 -> 18
X59: =Input!B90 -> 17 | AI59: =Input!B91 -> 26 | AT59: =Input!B92 -> 0
A60: 2 | B60: =Input!$B$49 -> bench press | C60: =Input!C59 -> 0.64516129 | D60: =Input!B59 -> 50 | E60: =Input!C73 -> 21 | F60: 45477 | G60: 0.95 | H60: =MROUND($D60*G60,Input!$B$6) -> 47.5 | I60: 0.85 | J60: =MROUND($D60*I60,Input!$B$6) -> 42.5 | K60: 1.1 | L60: =MROUND($D60*K60,Input!$B$6) -> 55 | M60: =M53 -> ± 2,5kg | N60: 5 | X60: =SUM(N60:W64) -> 20 | Y60: 5 | AI60: =SUM(Y60:AH64) -> 27 | AJ60: 6 | AO60: 5 | AT60: =SUM(AJ60:AS64) -> 34 | AU60: =E60-SUM(N60:W60)-SUM(Y60:AH60)-SUM(AJ60:AS60) -> 0
C61: =Input!C60 -> 0.77419355 | D61: =Input!B60 -> 60 | E61: =Input!C74 -> 37 | F61: 45446 | G61: 0.95 | H61: =MROUND($D61*G61,Input!$B$6) -> 57.5 | I61: 0.85 | J61: =MROUND($D61*I61,Input!$B$6) -> 50 | K61: 1.1 | L61: =MROUND($D61*K61,Input!$B$6) -> 65 | M61: =M54 -> ± 2,5kg | O61: 5 | R61: 5 | Z61: 4 | AC61: 4 | AE61: 4 | AK61: 5 | AL61: 5 | AP61: 5 | AU61: =E61-SUM(N61:W61)-SUM(Y61:AH61)-SUM(AJ61:AS61) -> 0
C62: =Input!C61 -> 0.87096774 | D62: =Input!B61 -> 67.5 | E62: =Input!C75 -> 22 | F62: 45384 | G62: 0.95 | H62: =MROUND($D62*G62,Input!$B$6) -> 65 | I62: 0.85 | J62: =MROUND($D62*I62,Input!$B$6) -> 57.5 | K62: 1.1 | L62: =MROUND($D62*K62,Input!$B$6) -> 75 | M62: =M55 -> ± 2,5kg | P62: 2 | Q62: 3 | AA62: 3 | AD62: 3 | AF62: 3 | AM62: 4 | AN62: 4 | AU62: =E62-SUM(N62:W62)-SUM(Y62:AH62)-SUM(AJ62:AS62) -> 0
C63: =Input!C62 -> 0.93548387 | D63: =Input!B62 -> 72.5 | E63: =Input!C76 -> 1 | F63: 1 | G63: 0.95 | H63: =MROUND($D63*G63,Input!$B$6) -> 70 | I63: 0.85 | J63: =MROUND($D63*I63,Input!$B$6) -> 62.5 | K63: 1.1 | L63: =MROUND($D63*K63,Input!$B$6) -> 80 | M63: =M56 -> ± 2,5kg | AB63: 1 | AU63: =E63-SUM(N63:W63)-SUM(Y63:AH63)-SUM(AJ63:AS63) -> 0
C64: =Input!C63 -> 0.96774194 | D64: =Input!B63 -> 75 | E64: =Input!C77 -> 0 | F64: 1 | K64: 1.1 | L64: =MROUND($D64*K64,Input!$B$6) -> 82.5 | M64: =M57 -> ± 2,5kg | AU64: =E64-SUM(N64:W64)-SUM(Y64:AH64)-SUM(AJ64:AS64) -> 0
C65: RPE | X65: =Input!C83 -> 21 | AI65: =Input!C84 -> 27 | AT65: =Input!C85 -> 35
X66: =Input!C90 -> 33 | AI66: =Input!C91 -> 50 | AT66: =Input!C92 -> 0
A67: 3 | B67: =Input!$B$49 -> bench press | C67: =Input!C59 -> 0.64516129 | D67: =Input!B59 -> 50 | E67: =Input!D73 -> 18 | F67: 45477 | G67: 0.95 | H67: =MROUND($D67*G67,Input!$B$6) -> 47.5 | I67: 0.85 | J67: =MROUND($D67*I67,Input!$B$6) -> 42.5 | K67: 1.1 | L67: =MROUND($D67*K67,Input!$B$6) -> 55 | M67: =M53 -> ± 2,5kg | N67: 4 | X67: =SUM(N67:W71) -> 18 | Y67: 4 | AI67: =SUM(Y67:AH71) -> 23 | AJ67: 5 | AN67: 5 | AT67: =SUM(AJ67:AS71) -> 29 | AU67: =E67-SUM(N67:W67)-SUM(Y67:AH67)-SUM(AJ67:AS67) -> 0
C68: =Input!C60 -> 0.77419355 | D68: =Input!B60 -> 60 | E68: =Input!D74 -> 32 | F68: 45446 | G68: 0.95 | H68: =MROUND($D68*G68,Input!$B$6) -> 57.5 | I68: 0.85 | J68: =MROUND($D68*I68,Input!$B$6) -> 50 | K68: 1.1 | L68: =MROUND($D68*K68,Input!$B$6) -> 65 | M68: =M54 -> ± 2,5kg | O68: 4 | Q68: 4 | Z68: 4 | AF68: 4 | AK68: 4 | AL68: 4 | AO68: 4 | AP68: 4 | AU68: =E68-SUM(N68:W68)-SUM(Y68:AH68)-SUM(AJ68:AS68) -> 0
C69: =Input!C61 -> 0.87096774 | D69: =Input!B61 -> 67.5 | E69: =Input!D75 -> 19 | F69: 45384 | G69: 0.95 | H69: =MROUND($D69*G69,Input!$B$6) -> 65 | I69: 0.85 | J69: =MROUND($D69*I69,Input!$B$6) -> 57.5 | K69: 1.1 | L69: =MROUND($D69*K69,Input!$B$6) -> 75 | M69: =M55 -> ± 2,5kg | P69: 3 | R69: 3 | AA69: 2 | AC69: 3 | AD69: 2 | AE69: 3 | AM69: 3 | AU69: =E69-SUM(N69:W69)-SUM(Y69:AH69)-SUM(AJ69:AS69) -> 0
C70: =Input!C62 -> 0.93548387 | D70: =Input!B62 -> 72.5 | E70: =Input!D76 -> 1 | F70: 1 | G70: 0.95 | H70: =MROUND($D70*G70,Input!$B$6) -> 70 | I70: 0.85 | J70: =MROUND($D70*I70,Input!$B$6) -> 62.5 | K70: 1.1 | L70: =MROUND($D70*K70,Input!$B$6) -> 80 | M70: =M56 -> ± 2,5kg | AB70: 1 | AU70: =E70-SUM(N70:W70)-SUM(Y70:AH70)-SUM(AJ70:AS70) -> 0
C71: =Input!C63 -> 0.96774194 | D71: =Input!B63 -> 75 | E71: =Input!D77 -> 0 | F71: 1 | K71: 1.1 | L71: =MROUND($D71*K71,Input!$B$6) -> 82.5 | M71: =M57 -> ± 2,5kg | AU71: =E71-SUM(N71:W71)-SUM(Y71:AH71)-SUM(AJ71:AS71) -> 0
C72: RPE | X72: =Input!D83 -> 18 | AI72: =Input!D84 -> 23 | AT72: =Input!D85 -> 29
X73: =Input!D90 -> 28 | AI73: =Input!D91 -> 42 | AT73: =Input!D92 -> 0
A74: 4 | B74: =Input!$B$49 -> bench press | C74: =Input!C59 -> 0.64516129 | D74: =Input!B59 -> 50 | E74: =Input!E73 -> 14 | F74: 45477 | G74: 1 | H74: =MROUND($D74*G74,Input!$B$6) -> 50 | I74: 0.95 | J74: =MROUND($D74*I74,Input!$B$6) -> 47.5 | K74: 1.1 | L74: =MROUND($D74*K74,Input!$B$6) -> 55 | M74: =M53 -> ± 2,5kg | N74: 5 | X74: =SUM(N74:W78) -> 14 | Y74: 4 | AI74: =SUM(Y74:AH78) -> 18 | AJ74: 5 | AT74: =SUM(AJ74:AS78) -> 24 | AU74: =E74-SUM(N74:W74)-SUM(Y74:AH74)-SUM(AJ74:AS74) -> 0
C75: =Input!C60 -> 0.77419355 | D75: =Input!B60 -> 60 | E75: =Input!E74 -> 25 | F75: 45446 | G75: 1 | H75: =MROUND($D75*G75,Input!$B$6) -> 60 | I75: 0.95 | J75: =MROUND($D75*I75,Input!$B$6) -> 57.5 | K75: 1.1 | L75: =MROUND($D75*K75,Input!$B$6) -> 65 | M75: =M54 -> ± 2,5kg | O75: 5 | P75: 4 | Z75: 4 | AK75: 4 | AL75: 4 | AP75: 4 | AU75: =E75-SUM(N75:W75)-SUM(Y75:AH75)-SUM(AJ75:AS75) -> 0
C76: =Input!C61 -> 0.87096774 | D76: =Input!B61 -> 67.5 | E76: =Input!E75 -> 15 | F76: 45384 | G76: 1 | H76: =MROUND($D76*G76,Input!$B$6) -> 67.5 | I76: 0.95 | J76: =MROUND($D76*I76,Input!$B$6) -> 65 | K76: 1.1 | L76: =MROUND($D76*K76,Input!$B$6) -> 75 | M76: =M55 -> ± 2,5kg | AA76: 2 | AD76: 3 | AE76: 3 | AM76: 2 | AN76: 3 | AO76: 2 | AU76: =E76-SUM(N76:W76)-SUM(Y76:AH76)-SUM(AJ76:AS76) -> 0
C77: =Input!C62 -> 0.93548387 | D77: =Input!B62 -> 72.5 | E77: =Input!E76 -> 1 | F77: 1 | G77: 1 | H77: =MROUND($D77*G77,Input!$B$6) -> 72.5 | I77: 0.95 | J77: =MROUND($D77*I77,Input!$B$6) -> 70 | K77: 1.1 | L77: =MROUND($D77*K77,Input!$B$6) -> 80 | M77: =M56 -> ± 2,5kg | AB77: 1 | AU77: =E77-SUM(N77:W77)-SUM(Y77:AH77)-SUM(AJ77:AS77) -> 0
C78: =Input!C63 -> 0.96774194 | D78: =Input!B63 -> 75 | E78: =Input!E77 -> 1 | F78: 1 | K78: 1.1 | L78: =MROUND($D78*K78,Input!$B$6) -> 82.5 | M78: =M57 -> ± 2,5kg | AC78: 1 | AU78: =E78-SUM(N78:W78)-SUM(Y78:AH78)-SUM(AJ78:AS78) -> 0
C79: RPE | X79: =Input!E83 -> 14 | AI79: =Input!E84 -> 18 | AT79: =Input!E85 -> 23
X80: =Input!E90 -> 22 | AI80: =Input!E91 -> 33 | AT80: =Input!E92 -> 0
A83: Name | G83: lift | N83: 1RM | P83: round | R83: cycle | T83: NL | V83: NL>90 | Y83: ARI | AA83: Main | AC83: 8190
A84: =Input!B2 -> Kateřina Balášová | G84: =Input!B95 -> deadlift | N84: =Input!B98 -> 165 | P84: =Input!B99 -> 2.5 | R84: =Input!B97 -> prep | T84: =Input!B102 -> 180 | V84: =Input!E109+Input!E110 -> 2 | Y84: =Input!B112 -> 0.75043771 | AA84: =Input!B114 -> 4-2a | AC84: =Input!B115 -> 3c
A86: Notes | E86: Comp Variant
E87: Sumo
E88: Block / Rack
E89: Romanian Deadlift
A91: week # | D91: Main Weight | H91: Assist Weight | J91: Assist Weight | L91: Assist Weight | M91: Range ± | N91: session A | Y91: session B | AJ91: session C
N92: sets | Y92: sets | AJ92: sets
B93: lift | C93: %1RM | E93: #reps | F93: rep rng | G93: % of main | I93: % of main | K93: % of main | N93: #1 | O93: #2 | P93: #3 | Q93: #4 | R93: #5 | S93: #6 | T93: #7 | U93: #8 | V93: #9 | W93: #10 | Y93: #1 | Z93: #2 | AA93: #3 | AB93: #4 | AC93: #5 | AD93: #6 | AE93: #7 | AF93: #8 | AG93: #9 | AH93: #10 | AJ93: #1 | AK93: #2 | AL93: #3 | AM93: #4 | AN93: #5 | AO93: #6 | AP93: #7 | AQ93: #8 | AR93: #9 | AS93: #10
A94: 1 | B94: =Input!$B$95 -> deadlift | C94: =Input!C106 -> 0.66666667 | D94: =Input!B106 -> 110 | E94: =Input!B120 -> 13 | F94: 45477 | G94: 0.95 | H94: =MROUND($D94*G94,Input!$B$6) -> 105 | I94: 1.05 | J94: =MROUND($D94*I94,Input!$B$6) -> 115 | M94: =Input!I105 -> ± 2,5kg | X94: =SUM(N94:W98) -> 10 | Y94: 5 | AI94: =SUM(Y94:AH98) -> 18 | AJ94: 8 | AT94: =SUM(AJ94:AS98) -> 12 | AU94: =E94-SUM(N94:W94)-SUM(Y94:AH94)-SUM(AJ94:AS94) -> 0
C95: =Input!C107 -> 0.75757576 | D95: =Input!B107 -> 125 | E95: =Input!B121 -> 18 | F95: 45446 | G95: 0.95 | H95: =MROUND($D95*G95,Input!$B$6) -> 120 | I95: 1.05 | J95: =MROUND($D95*I95,Input!$B$6) -> 132.5 | M95: =Input!I106 -> ± 2,5kg | N95: 2 | O95: 2 | P95: 2 | Q95: 2 | R95: 2 | Z95: 4 | AK95: 4 | AU95: =E95-SUM(N95:W95)-SUM(Y95:AH95)-SUM(AJ95:AS95) -> 0
C96: =Input!C108 -> 0.84848485 | D96: =Input!B108 -> 140 | E96: =Input!B122 -> 9 | F96: 45384 | G96: 0.95 | H96: =MROUND($D96*G96,Input!$B$6) -> 132.5 | I96: 1.05 | J96: =MROUND($D96*I96,Input!$B$6) -> 147.5 | M96: =Input!I107 -> ± 2,5kg | AA96: 3 | AB96: 3 | AC96: 3 | AU96: =E96-SUM(N96:W96)-SUM(Y96:AH96)-SUM(AJ96:AS96) -> 0
C97: =Input!C109 -> 0.92424242 | D97: =Input!B109 -> 152.5 | E97: =Input!B123 -> 0 | F97: 1 | G97: 0.95 | H97: =MROUND($D97*G97,Input!$B$6) -> 145 | I97: 1.05 | J97: =MROUND($D97*I97,Input!$B$6) -> 160 | M97: =Input!I108 -> ± 2,5kg | AU97: =E97-SUM(N97:W97)-SUM(Y97:AH97)-SUM(AJ97:AS97) -> 0
C98: =Input!C110 -> 0.95454545 | D98: =Input!B110 -> 157.5 | E98: =Input!B124 -> 0 | F98: 1 | M98: =Input!I109 -> ± 2,5kg | AU98: =E98-SUM(N98:W98)-SUM(Y98:AH98)-SUM(AJ98:AS98) -> 0
C99: RPE | X99: =Input!B130 -> 10 | AI99: =Input!B131 -> 17 | AT99: =Input!B132 -> 13
X100: =Input!B137 -> 16 | AI100: =Input!B138 -> 24 | AT100: =Input!B139 -> 0
A101: 2 | B101: =Input!$B$95 -> deadlift | C101: =Input!C106 -> 0.66666667 | D101: =Input!B106 -> 110 | E101: =Input!C120 -> 16 | F101: 45477 | G101: 0.9 | H101: =MROUND(D101*G101,Input!$B$6) -> 100 | M101: =M94 -> ± 2,5kg | X101: =SUM(N101:W105) -> 12 | Y101: 6 | AC101: 6 | AI101: =SUM(Y101:AH105) -> 22 | AJ101: 4 | AT101: =SUM(AJ101:AS105) -> 17 | AU101: =E101-SUM(N101:W101)-SUM(Y101:AH101)-SUM(AJ101:AS101) -> 0
C102: =Input!C107 -> 0.75757576 | D102: =Input!B107 -> 125 | E102: =Input!C121 -> 23 | F102: 45446 | G102: 0.9 | H102: =MROUND(D102*G102,Input!$B$6) -> 112.5 | I102: 0.8 | J102: =MROUND($D102*I102,Input!$B$6) -> 100 | M102: =M95 -> ± 2,5kg | N102: 2 | O102: 2 | P102: 2 | Q102: 2 | R102: 2 | S102: 2 | Z102: 4 | AK102: 3 | AN102: 4 | AU102: =E102-SUM(N102:W102)-SUM(Y102:AH102)-SUM(AJ102:AS102) -> 0
C103: =Input!C108 -> 0.84848485 | D103: =Input!B108 -> 140 | E103: =Input!C122 -> 11 | F103: 45384 | M103: =M96 -> ± 2,5kg | AA103: 3 | AB103: 3 | AL103: 2 | AO103: 3 | AU103: =E103-SUM(N103:W103)-SUM(Y103:AH103)-SUM(AJ103:AS103) -> 0
C104: =Input!C109 -> 0.92424242 | D104: =Input!B109 -> 152.5 | E104: =Input!C123 -> 1 | F104: 1 | M104: =M97 -> ± 2,5kg | AM104: 1 | AU104: =E104-SUM(N104:W104)-SUM(Y104:AH104)-SUM(AJ104:AS104) -> 0
C105: =Input!C110 -> 0.95454545 | D105: =Input!B110 -> 157.5 | E105: =Input!C124 -> 0 | F105: 1 | M105: =M98 -> ± 2,5kg | AU105: =E105-SUM(N105:W105)-SUM(Y105:AH105)-SUM(AJ105:AS105) -> 0
C106: RPE | X106: =Input!C130 -> 13 | AI106: =Input!C131 -> 21 | AT106: =Input!C132 -> 17
X107: =Input!C137 -> 20 | AI107: =Input!C138 -> 30 | AT107: =Input!C139 -> 0
A108: 3 | B108: =Input!$B$95 -> deadlift | C108: =Input!C106 -> 0.66666667 | D108: =Input!B106 -> 110 | E108: =Input!D120 -> 10 | F108: 45477 | G108: 0.9 | H108: =MROUND(D108*G108,Input!$B$6) -> 100 | K108: 0.8 | L108: =MROUND($D108*K108,Input!$B$6) -> 87.5 | M108: =M94 -> ± 2,5kg | X108: =SUM(N108:W112) -> 8 | Y108: 5 | AI108: =SUM(Y108:AH112) -> 13 | AJ108: 5 | AT108: =SUM(AJ108:AS112) -> 11 | AU108: =E108-SUM(N108:W108)-SUM(Y108:AH108)-SUM(AJ108:AS108) -> 0
C109: =Input!C107 -> 0.75757576 | D109: =Input!B107 -> 125 | E109: =Input!D121 -> 14 | F109: 45446 | G109: 0.9 | H109: =MROUND(D109*G109,Input!$B$6) -> 112.5 | K109: 0.8 | L109: =MROUND($D109*K109,Input!$B$6) -> 100 | M109: =M95 -> ± 2,5kg | N109: 2 | O109: 2 | P109: 2 | Q109: 2 | Z109: 4 | AK109: 3 | AU109: =E109-SUM(N109:W109)-SUM(Y109:AH109)-SUM(AJ109:AS109) -> -1
C110: =Input!C108 -> 0.84848485 | D110: =Input!B108 -> 140 | E110: =Input!D122 -> 7 | F110: 45384 | K110: 0.8 | L110: =MROUND($D110*K110,Input!$B$6) -> 112.5 | M110: =M96 -> ± 2,5kg | AA110: 4 | AL110: 3 | AU110: =E110-SUM(N110:W110)-SUM(Y110:AH110)-SUM(AJ110:AS110) -> 0
C111: =Input!C109 -> 0.92424242 | D111: =Input!B109 -> 152.5 | E111: =Input!D123 -> 0 | F111: 1 | K111: 0.8 | L111: =MROUND($D111*K111,Input!$B$6) -> 122.5 | M111: =M97 -> ± 2,5kg | AU111: =E111-SUM(N111:W111)-SUM(Y111:AH111)-SUM(AJ111:AS111) -> 0
...

Sheet Output
A1: Name | H1: lift | M1: 1RM | O1: round | Q1: cycle | S1: NL | U1: NL>90 | W1: ARI | Y1: Main | AA1: 8190
A2: =Input!B2 -> Kateřina Balášová | H2: =Input!B3 -> squat | M2: =Input!B5 -> 140 | O2: =Input!B6 -> 2.5 | Q2: =Input!B4 -> prep | S2: =Input!B9 -> 220 | U2: =Input!E16+Input!E17 -> 3 | W2: =Input!B19 -> 0.73032468 | Y2: =Input!B21 -> 3a | AA2: =Input!B22 -> 2a
H3: =Input!B49 -> bench press | M3: =Input!B51 -> 77.5 | O3: =Input!B52 -> 2.5 | Q3: =Input!B50 -> prep | S3: =Input!B53 -> 250 | U3: =Input!E62+Input!E63 -> 5 | W3: =Input!B65 -> 0.77012903 | Y3: =Input!B67 -> 2a | AA3: =Input!B68 -> 1-3a
H4: =Input!B95 -> deadlift | M4: =Input!B98 -> 165 | O4: =Input!B99 -> 2.5 | Q4: =Input!B97 -> prep | S4: =Input!B102 -> 180 | U4: =Input!E109+Input!E110 -> 2 | W4: =Input!B112 -> 0.75043771 | Y4: =Input!B114 -> 4-2a | AA4: =Input!B115 -> 3c
W11: week 1 | AH11: week 2 | AS11: week 3 | BD11: week 4
A12: session | C12: lift | O12: weight | W12: sets | AH12: sets | AS12: sets | BD12: sets
W13: #1 | X13: #2 | Y13: #3 | Z13: #4 | AA13: #5 | AB13: #6 | AC13: #7 | AD13: #8 | AE13: #9 | AF13: #10 | AH13: #1 | AI13: #2 | AJ13: #3 | AK13: #4 | AL13: #5 | AM13: #6 | AN13: #7 | AO13: #8 | AP13: #9 | AQ13: #10 | AS13: #1 | AT13: #2 | AU13: #3 | AV13: #4 | AW13: #5 | AX13: #6 | AY13: #7 | AZ13: #8 | BA13: #9 | BB13: #10 | BD13: #1 | BE13: #2 | BF13: #3 | BG13: #4 | BH13: #5 | BI13: #6 | BJ13: #7 | BK13: #8 | BL13: #9 | BM13: #10
A14: A | C14: squat | F14: Comp variant | O14: 90 | Q14: 80 | S14: 80 | W14: 5 | AH14: 5 | AI14: 5
F15: Comp paused | O15: 105 | Q15: 95 | S15: 95 | X15: 4 | AJ15: 2
F16: High Bar | O16: 120 | Q16: 107.5 | S16: 107.5
O17: 130
O18: 135
O19: RPE
C20: benchpress | F20: Comp variant | O20: 50 | Q20: 47.5 | S20: 42.5 | U20: 55 | AH20: 5
F21: Comp variant max grip width | O21: 60 | Q21: 57.5 | S21: 50 | U21: 65 | W21: 5 | AI21: 5 | AL21: 5
F22: Larsen Mid-Grip | O22: 67.5 | Q22: 65 | S22: 57.5 | U22: 75 | X22: 3 | Y22: 3 | AJ22: 2 | AK22: 3
F23: Board | O23: 72.5 | Q23: 70 | S23: 62.5 | U23: 80
O24: 75 | U24: 82.5
O25: RPE
C26: deadlift | F26: Comp Variant | O26: 110 | Q26: 105 | S26: 115 | U26: 120
F27: Sumo | O27: 125 | Q27: 120 | S27: 132.5 | U27: 137.5 | W27: 2 | X27: 2 | Y27: 2 | Z27: 2 | AA27: 2 | AH27: 2 | AI27: 2 | AJ27: 2 | AK27: 2 | AL27: 2 | AM27: 2
F28: Block / Rack | O28: 140 | Q28: 132.5 | S28: 147.5 | U28: 155
O29: 152.5 | Q29: 145 | S29: 160 | U29: 167.5
O30: 157.5 | U30: 172.5
O31: RPE
C32: Assistance / Accessories
C33: Power Clean (+ jerk on last rep) | W33: 5x3 @ up to RPE9 | AH33: 5x3 @ up to RPE9
A39: session | C39: lift | O39: weight | W39: sets | AH39: sets | AS39: sets | BD39: sets
W40: #1 | X40: #2 | Y40: #3 | Z40: #4 | AA40: #5 | AB40: #6 | AC40: #7 | AD40: #8 | AE40: #9 | AF40: #10 | AH40: #1 | AI40: #2 | AJ40: #3 | AK40: #4 | AL40: #5 | AM40: #6 | AN40: #7 | AO40: #8 | AP40: #9 | AQ40: #10 | AS40: #1 | AT40: #2 | AU40: #3 | AV40: #4 | AW40: #5 | AX40: #6 | AY40: #7 | AZ40: #8 | BA40: #9 | BB40: #10 | BD40: #1 | BE40: #2 | BF40: #3 | BG40: #4 | BH40: #5 | BI40: #6 | BJ40: #7 | BK40: #8 | BL40: #9 | BM40: #10
A41: B | C41: benchpress | F41: Comp variant | O41: 50 | Q41: 47.5 | S41: 42.5 | U41: 55 | AH41: 5
F42: Comp variant max grip width | O42: 60 | Q42: 57.5 | S42: 50 | U42: 65 | W42: 4 | Z42: 4 | AI42: 4 | AL42: 4 | AN42: 4
F43: Larsen Mid-Grip | O43: 67.5 | Q43: 65 | S43: 57.5 | U43: 75 | X43: 2 | AA43: 3 | AJ43: 3 | AM43: 3 | AO43: 3
F44: Board | O44: 72.5 | Q44: 70 | S44: 62.5 | U44: 80 | Y44: 1 | AK44: 1
O45: 75 | U45: 82.5
O46: RPE
O52: RPE
W53: {=IF(Input!B174="SQ A", INDIRECT("squat1A"), IF(Input!B174="SQ B", INDIRECT("squat1B"), IF(Input!B174="SQ C", INDIRECT("squat1C"), IF(Input!B174="BP A", INDIRECT("benchpress1A"), IF(Input!B174="BP B", INDIRECT("benchpress1B"), IF(Input!B174="BP C", INDIRECT("benchpress1C"), IF(Input!B174="DL A", INDIRECT("deadlift1A"), IF(Input!B174="DL B", INDIRECT("deadlift1B"), IF(Input!B174="DL C", INDIRECT("deadlift1C"), "")))))))))} | AH53: {=IF(Input!B174="SQ A", INDIRECT("squat2A"), IF(Input!B174="SQ B", INDIRECT("squat2B"), IF(Input!B174="SQ C", INDIRECT("squat2C"), IF(Input!B174="BP A", INDIRECT("benchpress2A"), IF(Input!B174="BP B", INDIRECT("benchpress2B"), IF(Input!B174="BP C", INDIRECT("benchpress2C"), IF(Input!B174="DL A", INDIRECT("deadlift2A"), IF(Input!B174="DL B", INDIRECT("deadlift2B"), IF(Input!B174="DL C", INDIRECT("deadlift2C"), "")))))))))} | AS53: {=IF(Input!B174="SQ A", INDIRECT("squat3A"), IF(Input!B174="SQ B", INDIRECT("squat3B"), IF(Input!B174="SQ C", INDIRECT("squat3C"), IF(Input!B174="BP A", INDIRECT("benchpress3A"), IF(Input!B174="BP B", INDIRECT("benchpress3B"), IF(Input!B174="BP C", INDIRECT("benchpress3C"), IF(Input!B174="DL A", INDIRECT("deadlift3A"), IF(Input!B174="DL B", INDIRECT("deadlift3B"), IF(Input!B174="DL C", INDIRECT("deadlift3C"), "")))))))))} | BD53: {=IF(Input!B174="SQ A", INDIRECT("squat4A"), IF(Input!B174="SQ B", INDIRECT("squat4B"), IF(Input!B174="SQ C", INDIRECT("squat4C"), IF(Input!B174="BP A", INDIRECT("benchpress4A"), IF(Input!B174="BP B", INDIRECT("benchpress4B"), IF(Input!B174="BP C", INDIRECT("benchpress4C"), IF(Input!B174="DL A", INDIRECT("deadlift4A"), IF(Input!B174="DL B", INDIRECT("deadlift4B"), IF(Input!B174="DL C", INDIRECT("deadlift4C"), "")))))))))}
O58: RPE
C59: Assistance / Accessories
C60: Ring Rows (single arm?) | O60: 3x max
C61: Push Up | O61: 3x max @ +15-25
C62: Weighted Plank | O62: 3x max @ 40-60kg
A66: session | C66: lift | O66: weight | W66: sets | AH66: sets | AS66: sets | BD66: sets
W67: #1 | X67: #2 | Y67: #3 | Z67: #4 | AA67: #5 | AB67: #6 | AC67: #7 | AD67: #8 | AE67: #9 | AF67: #10 | AH67: #1 | AI67: #2 | AJ67: #3 | AK67: #4 | AL67: #5 | AM67: #6 | AN67: #7 | AO67: #8 | AP67: #9 | AQ67: #10 | AS67: #1 | AT67: #2 | AU67: #3 | AV67: #4 | AW67: #5 | AX67: #6 | AY67: #7 | AZ67: #8 | BA67: #9 | BB67: #10 | BD67: #1 | BE67: #2 | BF67: #3 | BG67: #4 | BH67: #5 | BI67: #6 | BJ67: #7 | BK67: #8 | BL67: #9 | BM67: #10
A68: C | C68: squat | F68: Comp variant | O68: 90 | Q68: 80 | S68: 80 | W68: 5 | AH68: 5
F69: Comp paused | O69: 105 | Q69: 95 | S69: 95 | X69: 4 | AA69: 4 | AI69: 4 | AL69: 3
F70: High Bar | O70: 120 | Q70: 107.5 | S70: 107.5 | Y70: 2 | Z70: 2 | AJ70: 4 | AK70: 4
O71: 130
O72: 135
O73: RPE
C74: deadlift | F74: Comp Variant | O74: 110 | Q74: 105 | S74: 115 | U74: 120 | W74: 5 | AH74: 6 | AL74: 6
F75: Sumo | O75: 125 | Q75: 120 | S75: 132.5 | U75: 137.5 | X75: 4 | AI75: 4
F76: Block / Rack | O76: 140 | Q76: 132.5 | S76: 147.5 | U76: 155 | Y76: 3 | Z76: 3 | AA76: 3 | AJ76: 3 | AK76: 3
O77: 152.5 | Q77: 145 | S77: 160 | U77: 167.5
O78: 157.5 | U78: 172.5
O79: RPE
W80: {=IF(Input!B201="SQ A", INDIRECT("squat1A"), IF(Input!B201="SQ B", INDIRECT("squat1B"), IF(Input!B201="SQ C", INDIRECT("squat1C"), IF(Input!B201="BP A", INDIRECT("benchpress1A"), IF(Input!B201="BP B", INDIRECT("benchpress1B"), IF(Input!B201="BP C", INDIRECT("benchpress1C"), IF(Input!B201="DL A", INDIRECT("deadlift1A"), IF(Input!B201="DL B", INDIRECT("deadlift1B"), IF(Input!B201="DL C", INDIRECT("deadlift1C"), "")))))))))} | AH80: {=IF(Input!B201="SQ A", INDIRECT("squat2A"), IF(Input!B201="SQ B", INDIRECT("squat2B"), IF(Input!B201="SQ C", INDIRECT("squat2C"), IF(Input!B201="BP A", INDIRECT("benchpress2A"), IF(Input!B201="BP B", INDIRECT("benchpress2B"), IF(Input!B201="BP C", INDIRECT("benchpress2C"), IF(Input!B201="DL A", INDIRECT("deadlift2A"), IF(Input!B201="DL B", INDIRECT("deadlift2B"), IF(Input!B201="DL C", INDIRECT("deadlift2C"), "")))))))))} | AS80: {=IF(Input!B201="SQ A", INDIRECT("squat3A"), IF(Input!B201="SQ B", INDIRECT("squat3B"), IF(Input!B201="SQ C", INDIRECT("squat3C"), IF(Input!B201="BP A", INDIRECT("benchpress3A"), IF(Input!B201="BP B", INDIRECT("benchpress3B"), IF(Input!B201="BP C", INDIRECT("benchpress3C"), IF(Input!B201="DL A", INDIRECT("deadlift3A"), IF(Input!B201="DL B", INDIRECT("deadlift3B"), IF(Input!B201="DL C", INDIRECT("deadlift3C"), "")))))))))} | BD80: {=IF(Input!B201="SQ A", INDIRECT("squat4A"), IF(Input!B201="SQ B", INDIRECT("squat4B"), IF(Input!B201="SQ C", INDIRECT("squat4C"), IF(Input!B201="BP A", INDIRECT("benchpress4A"), IF(Input!B201="BP B", INDIRECT("benchpress4B"), IF(Input!B201="BP C", INDIRECT("benchpress4C"), IF(Input!B201="DL A", INDIRECT("deadlift4A"), IF(Input!B201="DL B", INDIRECT("deadlift4B"), IF(Input!B201="DL C", INDIRECT("deadlift4C"), "")))))))))}
O85: RPE
C86: Assistance / Accessories
C87: Snatch Grip High Pull | O87: 3x10 @ 20
C88: Pin Good Morning (SSB) | O88: 3x6-10 @ RPE7-9
W92: week 1 | AH92: week 2 | AS92: week 3 | BD92: week 4
A93: session | C93: lift | O93: weight | W93: sets | AH93: sets | AS93: sets | BD93: sets
W94: #1 | X94: #2 | Y94: #3 | Z94: #4 | AA94: #5 | AB94: #6 | AC94: #7 | AD94: #8 | AE94: #9 | AF94: #10 | AH94: #1 | AI94: #2 | AJ94: #3 | AK94: #4 | AL94: #5 | AM94: #6 | AN94: #7 | AO94: #8 | AP94: #9 | AQ94: #10 | AS94: #1 | AT94: #2 | AU94: #3 | AV94: #4 | AW94: #5 | AX94: #6 | AY94: #7 | AZ94: #8 | BA94: #9 | BB94: #10 | BD94: #1 | BE94: #2 | BF94: #3 | BG94: #4 | BH94: #5 | BI94: #6 | BJ94: #7 | BK94: #8 | BL94: #9 | BM94: #10
A95: D | C95: squat | F95: Comp variant | O95: 90 | Q95: 80 | S95: 80 | W95: 4 | AH95: 4
F96: Comp paused | O96: 105 | Q96: 95 | S96: 95 | X96: 4 | AI96: 3 | AL96: 3
F97: High Bar | O97: 120 | Q97: 107.5 | S97: 107.5 | Y97: 3 | AJ97: 2 | AM97: 3
O98: 130 | AK98: 1
O99: 135
O100: RPE
C101: benchpress | F101: Comp variant | O101: 50 | Q101: 47.5 | S101: 42.5 | U101: 55 | W101: 6 | Y101: 6 | AH101: 6 | AM101: 5
F102: Comp variant max grip width | O102: 60 | Q102: 57.5 | S102: 50 | U102: 65 | X102: 6 | AI102: 5 | AJ102: 5 | AN102: 5
F103: Larsen Mid-Grip | O103: 67.5 | Q103: 65 | S103: 57.5 | U103: 75 | AK103: 4 | AL103: 4
F104: Board | O104: 72.5 | Q104: 70 | S104: 62.5 | U104: 80
O105: 75 | U105: 82.5
O106: RPE
C107: deadlift | F107: Comp Variant | O107: 110 | Q107: 105 | S107: 115 | U107: 120 | W107: 8 | AH107: 4
F108: Sumo | O108: 125 | Q108: 120 | S108: 132.5 | U108: 137.5 | X108: 4 | AI108: 3 | AL108: 4
F109: Block / Rack | O109: 140 | Q109: 132.5 | S109: 147.5 | U109: 155 | AJ109: 2 | AM109: 3
O110: 152.5 | Q110: 145 | S110: 160 | U110: 167.5 | AK110: 1
O111: 157.5 | U111: 172.5
O112: RPE
C113: Assistance / Accessories
C114: Pull Up | O114: 3x max / 8-10x3 (short rests)
C115: Triceps Pushdown | O115: 3x 8-12 @ max

Sheet Definitions
A2: Volume Distribution Variant | K2: Advanced | P2: Elite
A3: 1 | B3: 35 | C3: 28 | D3: 22 | E3: 15 | G3: 50 | H3: 30 | I3: 20 | J3: 1 | K3: 33 | L3: 28 | M3: 22 | N3: 17 | O3: 1 | P3: 32 | Q3: 27 | R3: 22 | S3: 19
A4: 2a | B4: 15 | C4: 35 | D4: 28 | E4: 22 | G4: 20 | H4: 50 | I4: 30 | J4: 2a | K4: 17 | L4: 33 | M4: 28 | N4: 22 | O4: 2a | P4: 19 | Q4: 32 | R4: 27 | S4: 22
A5: 2b | B5: 28 | C5: 35 | D5: 22 | E5: 15 | G5: 30 | H5: 50 | I5: 20 | J5: 2b | K5: 28 | L5: 33 | M5: 22 | N5: 17 | O5: 2b | P5: 27 | Q5: 32 | R5: 22 | S5: 19
A6: 2c | B6: 22 | C6: 35 | D6: 28 | E6: 15 | J6: 2c | K6: 22 | L6: 33 | M6: 28 | N6: 17 | O6: 2c | P6: 22 | Q6: 32 | R6: 27 | S6: 19
A7: 3a | B7: 15 | C7: 22 | D7: 35 | E7: 28 | G7: 20 | H7: 30 | I7: 50 | J7: 3a | K7: 17 | L7: 22 | M7: 33 | N7: 28 | O7: 3a | P7: 19 | Q7: 22 | R7: 32 | S7: 27
A8: 3b | B8: 22 | C8: 28 | D8: 35 | E8: 15 | G8: 30 | H8: 20 | I8: 50 | J8: 3b | K8: 22 | L8: 28 | M8: 33 | N8: 17 | O8: 3b | P8: 22 | Q8: 27 | R8: 32 | S8: 19
A9: 3c | B9: 15 | C9: 28 | D9: 35 | E9: 22 | J9: 3c | K9: 17 | L9: 28 | M9: 33 | N9: 22 | O9: 3c | P9: 19 | Q9: 27 | R9: 32 | S9: 22
A10: 1-3a | B10: 35 | C10: 15 | D10: 28 | E10: 22 | G10: 50 | H10: 20 | I10: 30 | J10: 1-3a | K10: 33 | L10: 17 | M10: 28 | N10: 22 | O10: 1-3a | P10: 32 | Q10: 19 | R10: 27 | S10: 22
A11: 1-3b | B11: 35 | C11: 22 | D11: 28 | E11: 15 | G11: 50 | H11: 20 | I11: 30 | J11: 1-3b | K11: 33 | L11: 22 | M11: 28 | N11: 17 | O11: 1-3b | P11: 32 | Q11: 22 | R11: 27 | S11: 19
A12: 3-1a | B12: 28 | C12: 15 | D12: 35 | E12: 22 | G12: 30 | H12: 20 | I12: 50 | J12: 3-1a | K12: 28 | L12: 17 | M12: 33 | N12: 22 | O12: 3-1a | P12: 27 | Q12: 19 | R12: 32 | S12: 22
A13: 3-1b | B13: 28 | C13: 22 | D13: 35 | E13: 15 | G13: 30 | H13: 20 | I13: 50 | J13: 3-1b | K13: 28 | L13: 22 | M13: 33 | N13: 17 | O13: 3-1b | P13: 27 | Q13: 22 | R13: 32 | S13: 19
A14: 4 | B14: 15 | C14: 22 | D14: 28 | E14: 35 | J14: 4 | K14: 17 | L14: 22 | M14: 28 | N14: 33 | O14: 4 | P14: 19 | Q14: 22 | R14: 27 | S14: 32
A15: 2-4a | B15: 15 | C15: 35 | D15: 22 | E15: 28 | J15: 2-4a | K15: 17 | L15: 33 | M15: 22 | N15: 28 | O15: 2-4a | P15: 19 | Q15: 32 | R15: 22 | S15: 27
A16: 2-4b | B16: 22 | C16: 35 | D16: 15 | E16: 28 | J16: 2-4b | K16: 22 | L16: 33 | M16: 17 | N16: 28 | O16: 2-4b | P16: 22 | Q16: 32 | R16: 19 | S16: 27
A17: 4-2a | B17: 22 | C17: 28 | D17: 15 | E17: 35 | J17: 4-2a | K17: 22 | L17: 28 | M17: 17 | N17: 33 | O17: 4-2a | P17: 22 | Q17: 27 | R17: 19 | S17: 32
A18: 4-2b | B18: 15 | C18: 28 | D18: 22 | E18: 35 | J18: 4-2b | K18: 17 | L18: 28 | M18: 22 | N18: 33 | O18: 4-2b | P18: 19 | Q18: 27 | R18: 22 | S18: 32
A20: Two Session Distribution | G20: Two Week Distribution
A21: d40_60 | C21: 40 | D21: 60 | G21: MH | J21: base
A22: d35_65 | C22: 35 | D22: 65 | G22: HM | J22: advanced
A23: d30_70 | C23: 30 | D23: 70 | J23: elite
A24: d25_75 | C24: 25 | D24: 75
A25: d20_80 | C25: 20 | D25: 80
A27: Three Session Distribution | G27: Three Week Distribution
A28: d25_33_42 | B28: 25 | C28: 33 | D28: 42 | G28: LMH
A29: d20_35_45 | B29: 20 | C29: 35 | D29: 45 | G29: LHM
A30: d22_28_50 | B30: 22 | C30: 28 | D30: 50 | G30: MLH
A31: d20_30_50 | B31: 20 | C31: 30 | D31: 50 | G31: MHL
A32: d15_35_50 | B32: 15 | C32: 35 | D32: 50 | G32: HLM
A33: d15_30_55 | B33: 15 | C33: 30 | D33: 50 | G33: HML
A35: Four Session Distribution
A36: d15_22_28_35 | B36: 15 | C36: 22 | D36: 28 | E36: 35
A37: d10_20_30_40 | B37: 10 | C37: 20 | D37: 30 | E37: 40
A39: Five Session Distribution
A40: d10_15_20_25_30 | B40: 10 | C40: 15 | D40: 20 | E40: 25 | F40: 30
A43: Lift In Session
A44: --
A45: SQ A
A46: SQ B
A47: SQ C
A48: BP A
A49: BP B
A50: BP C
A51: DL A
A52: DL B
A53: DL C
